{"cameraMode":{"drawMode":0,"name":"Shaded","section":"Shading Mode"},"sceneLighting":true,"audioPlay":false,"sceneViewState":{"showFog":true,"showMaterialUpdate":false,"showSkybox":true,"showFlares":true,"showImageEffects":true,"showParticleSystems":true},"in2DMode":false,"pivot":{"x":91.02056884765625,"y":9.409998893737793,"z":-4.852837562561035},"rotation":{"x":0.4093560576438904,"y":0.014511092565953732,"z":-0.0065164947882294659,"w":0.9122360348701477},"size":30.59613037109375,"orthographic":false}